彩种,期数,方案ID,玩法Name,玩法Id,下注内容,投注金额,开奖号码,结果,派彩,返点
重庆秒秒彩,1524538498454,213k152453849845436vi2eth,前中后-中三-杂六,23205,杂六,6.0,"5,8,1,0,6",未中奖,0.0,0.0
重庆秒秒彩,1524538497239,213k152453849723936vh2etf,两面-第一球-大,21101,大,6.0,"4,3,1,8,9",未中奖,0.0,0.0
重庆秒秒彩,1524538497004,213k152453849700436vh2etd,两面-第四球-小,21402,小,6.0,"7,8,1,5,0",未中奖,0.0,0.0
重庆秒秒彩,1524538496774,213k152453849677436vg2etb,1-5球-第一球-7,22107,7,6.0,"2,1,2,4,5",未中奖,0.0,0.0
重庆秒秒彩,1524538495287,213k152453849528736vf2et9,1-5球-第二球-6,22206,6,6.0,"6,8,1,0,3",未中奖,0.0,0.0
重庆秒秒彩,1524538495082,213k152453849508236vf2et7,两面-第五球-大,21501,大,6.0,"2,6,3,7,2",未中奖,0.0,0.0
重庆秒秒彩,1524538494854,213k152453849485436ve2et5,两面-第三球-小,21302,小,6.0,"5,1,9,9,8",未中奖,0.0,0.0
重庆秒秒彩,1524538494634,213k152453849463436ve2et3,1-5球-第三球-4,22304,4,6.0,"2,6,0,2,5",未中奖,0.0,0.0
重庆秒秒彩,1524538494414,213k152453849441436ve2et1,1-5球-第一球-2,22102,2,6.0,"3,7,9,8,1",未中奖,0.0,0.0
重庆秒秒彩,1524538494192,213k152453849419236ve2esv,两面-第四球-双,21404,双,6.0,"1,6,3,8,1",已派彩,10.98,0.0
重庆秒秒彩,1524538493723,213k152453849372336vd2est,1-5球-第五球-6,22506,6,6.0,"8,4,8,2,5",未中奖,0.0,0.0
重庆秒秒彩,1524538493511,213k152453849351136vd2esr,1-5球-第二球-5,22205,5,6.0,"6,2,6,5,6",未中奖,0.0,0.0
重庆秒秒彩,1524538493301,213k152453849330136vd2esp,前中后-中三-半顺,23204,半顺,6.0,"6,1,4,5,6",已派彩,15.25,0.0
重庆秒秒彩,1524538493061,213k152453849306136vd2esn,前中后-后三-杂六,23305,杂六,6.0,"2,1,2,0,2",未中奖,0.0,0.0
重庆秒秒彩,1524538492538,213k152453849253836vc2esl,1-5球-第一球-0,22110,0,6.0,"0,0,7,1,0",已派彩,54.9,0.0
重庆秒秒彩,1524538492319,213k152453849231936vc2esj,1-5球-第五球-0,22510,0,6.0,"5,7,7,7,6",未中奖,0.0,0.0
重庆秒秒彩,1524538492078,213k152453849207836vc2esh,前中后-前三-半顺,23104,半顺,6.0,"6,6,6,5,0",未中奖,0.0,0.0
重庆秒秒彩,1524538491802,213k152453849180236vb2esf,两面-总和＆龙虎-总和双,21604,双,6.0,"3,6,1,6,8",已派彩,10.98,0.0
重庆秒秒彩,1524538491574,213k152453849157436vb2esd,1-5球-第五球-1,22501,1,6.0,"4,6,8,4,9",未中奖,0.0,0.0
重庆秒秒彩,1524538491317,213k152453849131736vb2esb,两面-第五球-双,21504,双,6.0,"3,5,0,1,5",系统撤单,0.0,0.0
五分六合彩,201804240131,213e20180424013136uq2es9,正1特-双,1051204,双,1.0,"46,38,19,07,28,33,23",已派彩,1.99,0.0
五分六合彩,201804240131,213e20180424013136up2es7,正2特-11,1052111,11,1.0,"46,38,19,07,28,33,23",未中奖,0.0,0.0
五分六合彩,201804240131,213e20180424013136up2es5,正2特-双,1052204,双,1.0,"46,38,19,07,28,33,23",已派彩,1.99,0.0
五分六合彩,201804240131,213e20180424013136up2es4,正2特-17,1052117,17,1.0,"46,38,19,07,28,33,23",未中奖,0.0,0.0
五分六合彩,201804240131,213e20180424013136uo2es1,头数-2头,1081103,2,1.0,"46,38,19,07,28,33,23",已派彩,4.89,0.0
五分六合彩,201804240131,213e20180424013136uo2erv,正4特-24,1054124,24,1.0,"46,38,19,07,28,33,23",未中奖,0.0,0.0
五分六合彩,201804240131,213e20180424013136uo2eru,正4特-绿波,1054213,绿,1.0,"46,38,19,07,28,33,23",未中奖,0.0,0.0
五分六合彩,201804240131,213e20180424013136uo2err,正4特-02,1054102,02,1.0,"46,38,19,07,28,33,23",未中奖,0.0,0.0
五分六合彩,201804240131,213e20180424013136un2erp,正码五-合双,1045108,双,1.0,"46,38,19,07,28,33,23",已派彩,1.99,0.0
五分六合彩,201804240131,213e20180424013136un2ern,特肖-龙,1121105,龙,1.0,"46,38,19,07,28,33,23",未中奖,0.0,0.0
五分六合彩,201804240131,213e20180424013136un2erl,特码A-07,1012107,07,1.0,"46,38,19,07,28,33,23",未中奖,0.0,0.1
五分六合彩,201804240131,213e20180424013136un2erj,特码B-18,1011118,18,1.0,"46,38,19,07,28,33,23",未中奖,0.0,0.0
五分六合彩,201804240131,213e20180424013136um2erh,特码B-24,1011124,24,1.0,"46,38,19,07,28,33,23",未中奖,0.0,0.0
五分六合彩,201804240131,213e20180424013136um2erg,特码B-29,1011129,29,1.0,"46,38,19,07,28,33,23",未中奖,0.0,0.0
五分六合彩,201804240131,213e20180424013136um2erd,特码两面-特地肖,1021110,地肖,1.0,"46,38,19,07,28,33,23",已派彩,1.99,0.0
五分六合彩,201804240131,213e20180424013136um2erb,特码B-45,1011145,45,1.0,"46,38,19,07,28,33,23",未中奖,0.0,0.0
五分六合彩,201804240131,213e20180424013136ul2era,特码A-绿波,1012207,绿,1.0,"46,38,19,07,28,33,23",未中奖,0.0,0.0
五分六合彩,201804240131,213e20180424013136ul2er7,特码B-30,1011130,30,1.0,"46,38,19,07,28,33,23",未中奖,0.0,0.0
五分六合彩,201804240131,213e20180424013136ul2er5,特码B-32,1011132,32,1.0,"46,38,19,07,28,33,23",未中奖,0.0,0.0
五分六合彩,201804240131,213e20180424013136ul2er3,特码B-小,1011202,小,1.0,"46,38,19,07,28,33,23",系统撤单,0.0,0.0
秒速赛车,201804240655,213c20180424065536u02er1,6-10名-第六名-3,84103,03,9.0,"05,01,04,02,09,06,10,07,03,08",未中奖,0.0,0.0
秒速赛车,201804240655,213c20180424065536u02eqv,6-10名-第九名-5,84405,05,9.0,"05,01,04,02,09,06,10,07,03,08",未中奖,0.0,0.0
秒速赛车,201804240655,213c20180424065536tv2equ,1-5名-第五名-1,83501,01,9.0,"05,01,04,02,09,06,10,07,03,08",未中奖,0.0,0.0
秒速赛车,201804240655,213c20180424065536tv2eqr,1-5名-冠军-6,83106,06,9.0,"05,01,04,02,09,06,10,07,03,08",未中奖,0.0,0.0
秒速赛车,201804240655,213c20180424065536tv2eqp,6-10名-第十名-4,84504,04,9.0,"05,01,04,02,09,06,10,07,03,08",未中奖,0.0,0.0
秒速赛车,201804240655,213c20180424065536tv2eqo,6-10名-第八名-9,84309,09,9.0,"05,01,04,02,09,06,10,07,03,08",未中奖,0.0,0.0
秒速赛车,201804240655,213c20180424065536tu2eql,1-5名-第四名-8,83408,08,9.0,"05,01,04,02,09,06,10,07,03,08",未中奖,0.0,0.0
秒速赛车,201804240655,213c20180424065536tu2eqj,6-10名-第六名-10,84110,10,9.0,"05,01,04,02,09,06,10,07,03,08",未中奖,0.0,0.0
秒速赛车,201804240655,213c20180424065536tu2eqi,1-5名-冠军-8,83108,08,9.0,"05,01,04,02,09,06,10,07,03,08",未中奖,0.0,0.0
秒速赛车,201804240655,213c20180424065536tu2eqf,1-5名-第四名-2,83402,02,9.0,"05,01,04,02,09,06,10,07,03,08",未中奖,0.0,0.0
秒速赛车,201804240655,213c20180424065536tt2eqd,冠亚和值-冠亚和值-16,82114,16,9.0,"05,01,04,02,09,06,10,07,03,08",未中奖,0.0,0.0
秒速赛车,201804240655,213c20180424065536tt2eqb,两面-冠亚和-冠亚单,82503,单,9.0,"05,01,04,02,09,06,10,07,03,08",未中奖,0.0,0.0
秒速赛车,201804240655,213c20180424065536tt2eqa,两面-第十名-单,82403,单,9.0,"05,01,04,02,09,06,10,07,03,08",未中奖,0.0,0.0
秒速赛车,201804240655,213c20180424065536tt2eq8,两面-第十名-双,82404,双,9.0,"05,01,04,02,09,06,10,07,03,08",已派彩,17.64,0.0
秒速赛车,201804240655,213c20180424065536tq2eq5,两面-第三名-小,81302,小,9.0,"05,01,04,02,09,06,10,07,03,08",已派彩,17.64,0.0
秒速赛车,201804240655,213c20180424065536tp2eq4,两面-冠军-虎,81106,虎,9.0,"05,01,04,02,09,06,10,07,03,08",已派彩,17.64,0.0
秒速赛车,201804240655,213c20180424065536tp2eq2,两面-第三名-双,81304,双,9.0,"05,01,04,02,09,06,10,07,03,08",已派彩,17.64,0.0
秒速赛车,201804240655,213c20180424065536tp2epv,两面-第五名-虎,81506,虎,9.0,"05,01,04,02,09,06,10,07,03,08",未中奖,0.0,0.0
秒速赛车,201804240655,213c20180424065536to2ept,两面-第四名-大,81401,大,9.0,"05,01,04,02,09,06,10,07,03,08",系统撤单,0.0,0.0
北京PK10,20180424023,21082018042402336rs2epr,1-5名-冠军-9,83109,09,9.0,,等待开奖,0.0,0.0
北京PK10,20180424023,21082018042402336rr2epp,1-5名-第五名-4,83504,04,9.0,,等待开奖,0.0,0.0
北京PK10,20180424023,21082018042402336rr2epn,1-5名-第三名-4,83304,04,9.0,,等待开奖,0.0,0.0
北京PK10,20180424023,21082018042402336rr2epm,1-5名-第三名-2,83302,02,9.0,,等待开奖,0.0,0.0
北京PK10,20180424023,21082018042402336rr2epj,6-10名-第十名-7,84507,07,9.0,,等待开奖,0.0,0.0
北京PK10,20180424023,21082018042402336rr2epi,1-5名-冠军-3,83103,03,9.0,,等待开奖,0.0,0.0
北京PK10,20180424023,21082018042402336rq2epg,6-10名-第十名-8,84508,08,9.0,,等待开奖,0.0,0.0
北京PK10,20180424023,21082018042402336rq2epd,1-5名-第四名-10,83410,10,9.0,,等待开奖,0.0,0.0
北京PK10,20180424023,21082018042402336rq2epc,1-5名-亚军-4,83204,04,9.0,,等待开奖,0.0,0.0
北京PK10,20180424023,21082018042402336rq2ep9,6-10名-第六名-3,84103,03,9.0,,等待开奖,0.0,0.0
北京PK10,20180424023,21082018042402336rq2ep7,两面-冠亚和-冠亚单,82503,单,9.0,,等待开奖,0.0,0.0
北京PK10,20180424023,21082018042402336rp2ep6,冠亚和值-冠亚和值-18,82116,18,9.0,,等待开奖,0.0,0.0
北京PK10,20180424023,21082018042402336rp2ep3,两面-第十名-单,82403,单,9.0,,等待开奖,0.0,0.0
北京PK10,20180424023,21082018042402336rp2ep2,冠亚和值-冠亚和值-15,82113,15,9.0,,等待开奖,0.0,0.0
北京PK10,20180424023,21082018042402336rp2ep0,冠亚和值-冠亚和值-17,82115,17,9.0,,等待开奖,0.0,0.0
北京PK10,20180424023,21082018042402336rp2eot,两面-第九名-双,81904,双,9.0,,等待开奖,0.0,0.0
北京PK10,20180424023,21082018042402336ro2eos,两面-第八名-小,81802,小,9.0,,等待开奖,0.0,0.0
北京PK10,20180424023,21082018042402336ro2eop,两面-第八名-大,81801,大,9.0,,等待开奖,0.0,0.0
北京PK10,20180424023,21082018042402336ro2eon,两面-亚军-小,81202,小,9.0,,等待开奖,0.0,0.0
北京PK10,20180424023,21082018042402336ro2eom,两面-第六名-小,81602,小,9.0,,系统撤单,0.0,0.0
秒速快3,201804240654,213a20180424065436ri2eoj,总和-和值-10,64107,10,7.0,"4,1,3",未中奖,0.0,0.0
秒速快3,201804240654,213a20180424065436ri2eoi,总和-和值-8,64105,8,7.0,"4,1,3",已派彩,66.81,0.0
秒速快3,201804240654,213a20180424065436ri2eof,总和-和值-17,64114,17,7.0,"4,1,3",未中奖,0.0,0.0
秒速快3,201804240654,213a20180424065436ri2eoe,总和-和值-13,64110,13,7.0,"4,1,3",未中奖,0.0,0.0
秒速快3,201804240654,213a20180424065436ri2eob,总和-和值-7,64104,7,7.0,"4,1,3",未中奖,0.0,0.0
秒速快3,201804240654,213a20180424065436rh2eo9,"不同号-二不同号-2,3",62106,"2,3",7.0,"4,1,3",未中奖,0.0,0.0
秒速快3,201804240654,213a20180424065436rh2eo8,"同号-二同号-5,5",63205,"5,5",7.0,"4,1,3",未中奖,0.0,0.0
秒速快3,201804240654,213a20180424065436rh2eo5,"同号-三同号-3,3,3",63103,"3,3,3",7.0,"4,1,3",未中奖,0.0,0.0
秒速快3,201804240654,213a20180424065436rh2eo3,总和-和值-4,64101,4,7.0,"4,1,3",未中奖,0.0,0.0
秒速快3,201804240654,213a20180424065436rh2eo1,"不同号-二不同号-2,4",62107,"2,4",7.0,"4,1,3",未中奖,0.0,0.0
秒速快3,201804240654,213a20180424065436rg2eo0,"不同号-二不同号-3,4",62110,"3,4",7.0,"4,1,3",已派彩,46.77,0.0
秒速快3,201804240654,213a20180424065436rg2ent,"不同号-二不同号-1,6",62105,"1,6",7.0,"4,1,3",未中奖,0.0,0.0
秒速快3,201804240654,213a20180424065436rg2enr,"不同号-二不同号-3,6",62112,"3,6",7.0,"4,1,3",未中奖,0.0,0.0
秒速快3,201804240654,213a20180424065436rg2enp,"不同号-二不同号-1,5",62104,"1,5",7.0,"4,1,3",未中奖,0.0,0.0
秒速快3,201804240654,213a20180424065436rf2enn,"不同号-二不同号-2,5",62108,"2,5",7.0,"4,1,3",未中奖,0.0,0.0
秒速快3,201804240654,213a20180424065436rf2enm,单骰-单骰-5,61105,5,7.0,"4,1,3",未中奖,0.0,0.0
秒速快3,201804240654,213a20180424065436rf2enj,单骰-单骰-1,61101,1,7.0,"4,1,3",已派彩,15.4,0.0
秒速快3,201804240654,213a20180424065436rf2enh,单骰-单骰-6,61106,6,7.0,"4,1,3",未中奖,0.0,0.0
秒速快3,201804240654,213a20180424065436rf2eng,单骰-单骰-3,61103,3,7.0,"4,1,3",已派彩,15.4,0.0
秒速快3,201804240654,213a20180424065436re2end,单骰-单骰-2,61102,2,7.0,"4,1,3",系统撤单,0.0,0.0
湖北快3,20180424012,210m2018042401236ra2enb,总和-和值-13,64110,13,7.0,,等待开奖,0.0,0.0
湖北快3,20180424012,210m2018042401236ra2en9,总和-和值-12,64109,12,7.0,,等待开奖,0.0,0.0
湖北快3,20180424012,210m2018042401236r92en7,总和-和值-5,64102,5,7.0,,等待开奖,0.0,0.0
湖北快3,20180424012,210m2018042401236r92en6,总和-和值-17,64114,17,7.0,,等待开奖,0.0,0.0
湖北快3,20180424012,210m2018042401236r92en3,总和-和值-8,64105,8,7.0,,等待开奖,0.0,0.0
湖北快3,20180424012,210m2018042401236r92en1,"不同号-二不同号-3,4",62110,"3,4",7.0,,等待开奖,0.0,0.0
湖北快3,20180424012,210m2018042401236r92en0,"同号-二同号-3,3",63203,"3,3",7.0,,等待开奖,0.0,0.0
湖北快3,20180424012,210m2018042401236r82emt,"同号-三同号-4,4,4",63104,"4,4,4",7.0,,等待开奖,0.0,0.0
湖北快3,20180424012,210m2018042401236r82emr,"不同号-二不同号-2,5",62108,"2,5",7.0,,等待开奖,0.0,0.0
湖北快3,20180424012,210m2018042401236r82emq,"不同号-二不同号-1,3",62102,"1,3",7.0,,等待开奖,0.0,0.0
湖北快3,20180424012,210m2018042401236r82emn,"不同号-二不同号-1,6",62105,"1,6",7.0,,等待开奖,0.0,0.0
湖北快3,20180424012,210m2018042401236r82emm,"同号-二同号-1,1",63201,"1,1",7.0,,等待开奖,0.0,0.0
湖北快3,20180424012,210m2018042401236r72emj,"同号-三同号-3,3,3",63103,"3,3,3",7.0,,等待开奖,0.0,0.0
湖北快3,20180424012,210m2018042401236r72emh,"同号-三同号-5,5,5",63105,"5,5,5",7.0,,等待开奖,0.0,0.0
湖北快3,20180424012,210m2018042401236r72emg,"不同号-二不同号-4,6",62114,"4,6",7.0,,等待开奖,0.0,0.0
湖北快3,20180424012,210m2018042401236r72emd,单骰-单骰-1,61101,1,7.0,,等待开奖,0.0,0.0
湖北快3,20180424012,210m2018042401236r72emc,单骰-单骰-2,61102,2,7.0,,等待开奖,0.0,0.0
湖北快3,20180424012,210m2018042401236r72em9,单骰-单骰-4,61104,4,7.0,,等待开奖,0.0,0.0
湖北快3,20180424012,210m2018042401236r62em7,单骰-单骰-6,61106,6,7.0,,等待开奖,0.0,0.0
湖北快3,20180424012,210m2018042401236r62em6,单骰-单骰-3,61103,3,7.0,,系统撤单,0.0,0.0
安徽快3,20180424014,210k2018042401436r22em3,总和-和值-5,64102,5,4.0,,等待开奖,0.0,0.0
安徽快3,20180424014,210k2018042401436r22em1,总和-和值-13,64110,13,4.0,,等待开奖,0.0,0.0
安徽快3,20180424014,210k2018042401436r12elv,总和-和值-6,64103,6,4.0,,等待开奖,0.0,0.0
安徽快3,20180424014,210k2018042401436r12elu,总和-和值-16,64113,16,4.0,,等待开奖,0.0,0.0
安徽快3,20180424014,210k2018042401436r12elr,总和-和值-大,64115,大,4.0,,等待开奖,0.0,0.0
安徽快3,20180424014,210k2018042401436r12elq,"同号-三同号-5,5,5",63105,"5,5,5",4.0,,等待开奖,0.0,0.0
安徽快3,20180424014,210k2018042401436r12eln,"不同号-二不同号-1,6",62105,"1,6",4.0,,等待开奖,0.0,0.0
安徽快3,20180424014,210k2018042401436r02ell,"同号-二同号-6,6",63206,"6,6",4.0,,等待开奖,0.0,0.0
安徽快3,20180424014,210k2018042401436r02elk,"同号-二同号-3,3",63203,"3,3",4.0,,等待开奖,0.0,0.0
安徽快3,20180424014,210k2018042401436r02elh,总和-和值-4,64101,4,4.0,,等待开奖,0.0,0.0
安徽快3,20180424014,210k2018042401436r02elg,同号-三同号-全骰,63107,全骰,4.0,,等待开奖,0.0,0.0
安徽快3,20180424014,210k2018042401436r02eld,"不同号-二不同号-2,3",62106,"2,3",4.0,,等待开奖,0.0,0.0
安徽快3,20180424014,210k2018042401436qv2elb,"不同号-二不同号-4,6",62114,"4,6",4.0,,等待开奖,0.0,0.0
安徽快3,20180424014,210k2018042401436qv2ela,"不同号-二不同号-3,4",62110,"3,4",4.0,,等待开奖,0.0,0.0
安徽快3,20180424014,210k2018042401436qv2el7,"同号-三同号-2,2,2",63102,"2,2,2",4.0,,等待开奖,0.0,0.0
安徽快3,20180424014,210k2018042401436qv2el5,单骰-单骰-3,61103,3,4.0,,等待开奖,0.0,0.0
安徽快3,20180424014,210k2018042401436qv2el4,单骰-单骰-2,61102,2,4.0,,等待开奖,0.0,0.0
安徽快3,20180424014,210k2018042401436qv2el1,单骰-单骰-5,61105,5,4.0,,等待开奖,0.0,0.0
安徽快3,20180424014,210k2018042401436qu2ekv,单骰-单骰-4,61104,4,4.0,,等待开奖,0.0,0.0
安徽快3,20180424014,210k2018042401436qu2eku,单骰-单骰-6,61106,6,4.0,,系统撤单,0.0,0.0
江苏快3,20180424015,21062018042401536qp2ekr,总和-和值-大,64115,大,4.0,,等待开奖,0.0,0.0
江苏快3,20180424015,21062018042401536qp2ekp,总和-和值-5,64102,5,4.0,,等待开奖,0.0,0.0
江苏快3,20180424015,21062018042401536qp2eko,总和-和值-6,64103,6,4.0,,等待开奖,0.0,0.0
江苏快3,20180424015,21062018042401536qp2ekl,总和-和值-16,64113,16,4.0,,等待开奖,0.0,0.0
江苏快3,20180424015,21062018042401536qp2ekj,总和-和值-17,64114,17,4.0,,等待开奖,0.0,0.0
江苏快3,20180424015,21062018042401536qo2eki,"不同号-二不同号-3,4",62110,"3,4",4.0,,等待开奖,0.0,0.0
江苏快3,20180424015,21062018042401536qo2ekf,"不同号-二不同号-2,3",62106,"2,3",4.0,,等待开奖,0.0,0.0
江苏快3,20180424015,21062018042401536qo2eke,"同号-三同号-5,5,5",63105,"5,5,5",4.0,,等待开奖,0.0,0.0
江苏快3,20180424015,21062018042401536qo2ekb,同号-三同号-全骰,63107,全骰,4.0,,等待开奖,0.0,0.0
江苏快3,20180424015,21062018042401536qo2ek9,"不同号-二不同号-1,3",62102,"1,3",4.0,,等待开奖,0.0,0.0
江苏快3,20180424015,21062018042401536qo2ek8,"同号-三同号-4,4,4",63104,"4,4,4",4.0,,等待开奖,0.0,0.0
江苏快3,20180424015,21062018042401536qn2ek5,"同号-三同号-1,1,1",63101,"1,1,1",4.0,,等待开奖,0.0,0.0
江苏快3,20180424015,21062018042401536qn2ek4,"不同号-二不同号-3,6",62112,"3,6",4.0,,等待开奖,0.0,0.0
江苏快3,20180424015,21062018042401536qn2ek1,"不同号-二不同号-2,5",62108,"2,5",4.0,,等待开奖,0.0,0.0
江苏快3,20180424015,21062018042401536qn2ejv,"同号-二同号-5,5",63205,"5,5",4.0,,等待开奖,0.0,0.0
江苏快3,20180424015,21062018042401536qn2eju,"不同号-二不同号-1,2",62101,"1,2",4.0,,等待开奖,0.0,0.0
江苏快3,20180424015,21062018042401536qm2ejr,单骰-单骰-4,61104,4,4.0,,等待开奖,0.0,0.0
江苏快3,20180424015,21062018042401536qm2ejp,单骰-单骰-2,61102,2,4.0,,等待开奖,0.0,0.0
江苏快3,20180424015,21062018042401536qm2ejo,单骰-单骰-6,61106,6,4.0,,等待开奖,0.0,0.0
江苏快3,20180424015,21062018042401536qm2ejl,单骰-单骰-5,61105,5,4.0,,系统撤单,0.0,0.0
广东11选5,20180424012,210g2018042401236op2ejj,连码-一中一-4,42604,04,10.0,,等待开奖,0.0,0.0
广东11选5,20180424012,210g2018042401236op2eji,连码-一中一-3,42603,03,10.0,,等待开奖,0.0,0.0
广东11选5,20180424012,210g2018042401236op2ejf,直选-前三直选-前三直选,44201,"06,05,11",10.0,,等待开奖,0.0,0.0
广东11选5,20180424012,210g2018042401236op2ejd,连码-一中一-10,42610,10,10.0,,等待开奖,0.0,0.0
广东11选5,20180424012,210g2018042401236oo2ejc,直选-前二直选-前二直选,44101,"05,04",10.0,,等待开奖,0.0,0.0
广东11选5,20180424012,210g2018042401236oo2ej9,连码-一中一-1,42601,01,10.0,,等待开奖,0.0,0.0
广东11选5,20180424012,210g2018042401236oo2ej7,单号-第二球-2,42202,02,10.0,,等待开奖,0.0,0.0
广东11选5,20180424012,210g2018042401236oo2ej6,单号-第三球-2,42302,02,10.0,,等待开奖,0.0,0.0
广东11选5,20180424012,210g2018042401236oo2ej3,单号-第三球-3,42303,03,10.0,,等待开奖,0.0,0.0
广东11选5,20180424012,210g2018042401236on2ej2,单号-第二球-11,42211,11,10.0,,等待开奖,0.0,0.0
广东11选5,20180424012,210g2018042401236on2eiv,单号-第五球-10,42510,10,10.0,,等待开奖,0.0,0.0
广东11选5,20180424012,210g2018042401236on2eit,单号-第五球-1,42501,01,10.0,,等待开奖,0.0,0.0
广东11选5,20180424012,210g2018042401236on2eis,单号-第四球-10,42410,10,10.0,,等待开奖,0.0,0.0
广东11选5,20180424012,210g2018042401236on2eip,单号-第五球-2,42502,02,10.0,,等待开奖,0.0,0.0
广东11选5,20180424012,210g2018042401236on2ein,单号-第四球-3,42403,03,10.0,,等待开奖,0.0,0.0
广东11选5,20180424012,210g2018042401236om2eim,两面-第三球-单,41303,单,10.0,,等待开奖,0.0,0.0
广东11选5,20180424012,210g2018042401236om2eij,两面-第三球-大,41301,大,10.0,,等待开奖,0.0,0.0
广东11选5,20180424012,210g2018042401236om2eii,两面-总和＆龙虎-总和尾大,41605,大,10.0,,等待开奖,0.0,0.0
广东11选5,20180424012,210g2018042401236om2eif,两面-第二球-小,41202,小,10.0,,等待开奖,0.0,0.0
广东11选5,20180424012,210g2018042401236om2eid,两面-第五球-大,41501,大,10.0,,系统撤单,0.0,0.0
江西11选5,20180424012,21042018042401236oh2eib,连码-一中一-3,42603,03,2.0,,等待开奖,0.0,0.0
江西11选5,20180424012,21042018042401236oh2eia,连码-一中一-10,42610,10,2.0,,等待开奖,0.0,0.0
江西11选5,20180424012,21042018042401236og2ei7,连码-二中二-二中二,43101,"07,01",2.0,,等待开奖,0.0,0.0
江西11选5,20180424012,21042018042401236og2ei5,连码-前二组选-前二组选,43801,"06,02",2.0,,等待开奖,0.0,0.0
江西11选5,20180424012,21042018042401236og2ei4,直选-前三直选-前三直选,44201,"09,08,01",2.0,,等待开奖,0.0,0.0
江西11选5,20180424012,21042018042401236og2ei1,单号-第三球-2,42302,02,2.0,,等待开奖,0.0,0.0
江西11选5,20180424012,21042018042401236og2ehv,单号-第一球-3,42103,03,2.0,,等待开奖,0.0,0.0
江西11选5,20180424012,21042018042401236of2ehu,单号-第一球-11,42111,11,2.0,,等待开奖,0.0,0.0
江西11选5,20180424012,21042018042401236of2ehr,单号-第二球-1,42201,01,2.0,,等待开奖,0.0,0.0
江西11选5,20180424012,21042018042401236of2ehq,单号-第五球-3,42503,03,2.0,,等待开奖,0.0,0.0
江西11选5,20180424012,21042018042401236of2ehn,单号-第二球-10,42210,10,2.0,,等待开奖,0.0,0.0
江西11选5,20180424012,21042018042401236of2ehl,单号-第一球-9,42109,09,2.0,,等待开奖,0.0,0.0
江西11选5,20180424012,21042018042401236of2ehk,单号-第二球-7,42207,07,2.0,,等待开奖,0.0,0.0
江西11选5,20180424012,21042018042401236oe2ehh,单号-第一球-5,42105,05,2.0,,等待开奖,0.0,0.0
江西11选5,20180424012,21042018042401236oe2ehf,单号-第三球-7,42307,07,2.0,,等待开奖,0.0,0.0
江西11选5,20180424012,21042018042401236oe2ehe,两面-第五球-单,41503,单,2.0,,等待开奖,0.0,0.0
江西11选5,20180424012,21042018042401236oe2ehb,两面-第二球-单,41203,单,2.0,,等待开奖,0.0,0.0
江西11选5,20180424012,21042018042401236oe2eha,两面-第五球-小,41502,小,2.0,,等待开奖,0.0,0.0
江西11选5,20180424012,21042018042401236od2eh7,两面-第二球-大,41201,大,2.0,,等待开奖,0.0,0.0
江西11选5,20180424012,21042018042401236od2eh5,两面-总和＆龙虎-总和单,41603,单,2.0,,系统撤单,0.0,0.0
秒速时时彩,201804240653,213620180424065336nq2eh3,前中后-中三-豹子,23201,豹子,1.0,"9,2,5,8,4",未中奖,0.0,0.0
秒速时时彩,201804240653,213620180424065336np2eh1,前中后-中三-对子,23203,对子,1.0,"9,2,5,8,4",未中奖,0.0,0.0
秒速时时彩,201804240653,213620180424065336np2eh0,前中后-后三-杂六,23305,杂六,1.0,"9,2,5,8,4",未中奖,0.0,0.0
秒速时时彩,201804240653,213620180424065336np2egu,前中后-后三-对子,23303,对子,1.0,"9,2,5,8,4",未中奖,0.0,0.0
秒速时时彩,201804240653,213620180424065336np2egr,前中后-前三-半顺,23104,半顺,1.0,"9,2,5,8,4",未中奖,0.0,0.0
秒速时时彩,201804240653,213620180424065336np2egq,1-5球-第四球-2,22402,2,1.0,"9,2,5,8,4",未中奖,0.0,0.0
秒速时时彩,201804240653,213620180424065336no2egn,1-5球-第五球-9,22509,9,1.0,"9,2,5,8,4",未中奖,0.0,0.0
秒速时时彩,201804240653,213620180424065336no2egl,1-5球-第一球-3,22103,3,1.0,"9,2,5,8,4",未中奖,0.0,0.0
秒速时时彩,201804240653,213620180424065336no2egk,1-5球-第三球-2,22302,2,1.0,"9,2,5,8,4",未中奖,0.0,0.0
秒速时时彩,201804240653,213620180424065336no2egh,1-5球-第一球-7,22107,7,1.0,"9,2,5,8,4",未中奖,0.0,0.0
秒速时时彩,201804240653,213620180424065336no2egf,1-5球-第二球-3,22203,3,1.0,"9,2,5,8,4",未中奖,0.0,0.0
秒速时时彩,201804240653,213620180424065336nn2ege,1-5球-第三球-0,22310,0,1.0,"9,2,5,8,4",未中奖,0.0,0.0
秒速时时彩,201804240653,213620180424065336nn2egb,1-5球-第五球-3,22503,3,1.0,"9,2,5,8,4",未中奖,0.0,0.0
秒速时时彩,201804240653,213620180424065336nn2ega,1-5球-第四球-5,22405,5,1.0,"9,2,5,8,4",未中奖,0.0,0.0
秒速时时彩,201804240653,213620180424065336nn2eg7,1-5球-第二球-6,22206,6,1.0,"9,2,5,8,4",未中奖,0.0,0.0
秒速时时彩,201804240653,213620180424065336nn2eg5,两面-第五球-双,21504,双,1.0,"9,2,5,8,4",已派彩,1.88,0.0
秒速时时彩,201804240653,213620180424065336nn2eg4,两面-第五球-大,21501,大,1.0,"9,2,5,8,4",未中奖,0.0,0.0
秒速时时彩,201804240653,213620180424065336nm2eg1,两面-第三球-单,21303,单,1.0,"9,2,5,8,4",已派彩,1.88,0.0
秒速时时彩,201804240653,213620180424065336nm2efv,1-5球-第一球-1,22101,1,1.0,"9,2,5,8,4",未中奖,0.0,0.0
秒速时时彩,201804240653,213620180424065336nm2efu,两面-第二球-小,21202,小,1.0,"9,2,5,8,4",系统撤单,1.88,0.0
台湾5分彩,20180424047,210s2018042404736m12efr,前中后-中三-对子,23203,对子,8.0,,等待开奖,0.0,0.0
台湾5分彩,20180424047,210s2018042404736m12efp,前中后-前三-顺子,23102,顺子,8.0,,等待开奖,0.0,0.0
台湾5分彩,20180424047,210s2018042404736m12efo,前中后-中三-半顺,23204,半顺,8.0,,等待开奖,0.0,0.0
台湾5分彩,20180424047,210s2018042404736m12efl,前中后-后三-豹子,23301,豹子,8.0,,等待开奖,0.0,0.0
台湾5分彩,20180424047,210s2018042404736m12efk,前中后-中三-杂六,23205,杂六,8.0,,等待开奖,0.0,0.0
台湾5分彩,20180424047,210s2018042404736m12efh,1-5球-第一球-2,22102,2,8.0,"1,4,6,5,5",未中奖,0.0,0.0
台湾5分彩,20180424047,210s2018042404736m02eff,1-5球-第二球-9,22209,9,8.0,"1,4,6,5,5",未中奖,0.0,0.0
台湾5分彩,20180424047,210s2018042404736m02efe,1-5球-第三球-5,22305,5,8.0,,等待开奖,0.0,0.0
台湾5分彩,20180424047,210s2018042404736m02efb,1-5球-第四球-2,22402,2,8.0,,等待开奖,0.0,0.0
台湾5分彩,20180424047,210s2018042404736m02efa,1-5球-第二球-7,22207,7,8.0,,等待开奖,0.0,0.0
台湾5分彩,20180424047,210s2018042404736m02ef8,1-5球-第五球-1,22501,1,8.0,,等待开奖,0.0,0.0
台湾5分彩,20180424047,210s2018042404736lv2ef5,1-5球-第三球-8,22308,8,8.0,,等待开奖,0.0,0.0
台湾5分彩,20180424047,210s2018042404736lv2ef4,1-5球-第三球-0,22310,0,8.0,,等待开奖,0.0,0.0
台湾5分彩,20180424047,210s2018042404736lv2ef1,1-5球-第一球-7,22107,7,8.0,,等待开奖,0.0,0.0
台湾5分彩,20180424047,210s2018042404736lv2eev,1-5球-第四球-3,22403,3,8.0,,等待开奖,0.0,0.0
台湾5分彩,20180424047,210s2018042404736lv2eeu,两面-总和＆龙虎-和,21607,和,8.0,,等待开奖,0.0,0.0
台湾5分彩,20180424047,210s2018042404736lu2eer,两面-第一球-单,21103,单,8.0,"1,4,6,5,5",已派彩,15.84,0.0
台湾5分彩,20180424047,210s2018042404736lu2eeq,两面-第五球-双,21504,双,8.0,,等待开奖,0.0,0.0
台湾5分彩,20180424047,210s2018042404736lu2een,两面-第二球-单,21203,单,8.0,"1,4,6,5,5",未中奖,0.0,0.0
台湾5分彩,20180424047,210s2018042404736lu2eel,两面-第一球-双,21104,双,8.0,"1,4,6,5,5",系统撤单,0.0,0.0
北京时时彩,20180424023,210q2018042402336lp2eeh,前中后-前三-顺子,23102,顺子,2.0,"3,6,1,2,6",未中奖,0.0,0.0
北京时时彩,20180424023,210q2018042402336lp2eef,前中后-后三-半顺,23304,半顺,2.0,"3,6,1,2,6",已派彩,5.52,0.0
北京时时彩,20180424023,210q2018042402336lp2eee,前中后-中三-杂六,23205,杂六,2.0,"3,6,1,2,6",未中奖,0.0,0.0
北京时时彩,20180424023,210q2018042402336lp2eeb,前中后-后三-顺子,23302,顺子,2.0,"3,6,1,2,6",未中奖,0.0,0.0
北京时时彩,20180424023,210q2018042402336lp2eea,前中后-前三-对子,23103,对子,2.0,"3,6,1,2,6",未中奖,0.0,0.0
北京时时彩,20180424023,210q2018042402336lm2ee7,两面-第三球-小,21302,小,2.0,"3,6,1,2,6",已派彩,3.98,0.0
北京时时彩,20180424023,210q2018042402336lm2ee5,两面-第二球-单,21203,单,2.0,"3,6,1,2,6",未中奖,0.0,0.0
北京时时彩,20180424023,210q2018042402336lm2ee4,两面-第三球-大,21301,大,2.0,"3,6,1,2,6",系统撤单,0.0,0.0
新疆时时彩,20180424006,210e2018042400636lh2ee1,前中后-前三-顺子,23102,顺子,7.0,,等待开奖,0.0,0.0
新疆时时彩,20180424006,210e2018042400636lh2ee0,前中后-后三-杂六,23305,杂六,7.0,,等待开奖,0.0,0.0
新疆时时彩,20180424006,210e2018042400636lh2edt,前中后-后三-半顺,23304,半顺,7.0,,等待开奖,0.0,0.0
新疆时时彩,20180424006,210e2018042400636lh2edr,前中后-后三-豹子,23301,豹子,7.0,,等待开奖,0.0,0.0
新疆时时彩,20180424006,210e2018042400636lh2edq,前中后-中三-顺子,23202,顺子,7.0,,等待开奖,0.0,0.0
新疆时时彩,20180424006,210e2018042400636lg2edn,1-5球-第二球-2,22202,2,7.0,,等待开奖,0.0,0.0
新疆时时彩,20180424006,210e2018042400636lg2edm,1-5球-第四球-1,22401,1,7.0,,等待开奖,0.0,0.0
新疆时时彩,20180424006,210e2018042400636lg2edj,1-5球-第五球-5,22505,5,7.0,,等待开奖,0.0,0.0
新疆时时彩,20180424006,210e2018042400636lg2edh,1-5球-第五球-7,22507,7,7.0,,等待开奖,0.0,0.0
新疆时时彩,20180424006,210e2018042400636lg2edg,1-5球-第五球-8,22508,8,7.0,,等待开奖,0.0,0.0
新疆时时彩,20180424006,210e2018042400636lf2edd,1-5球-第二球-6,22206,6,7.0,,等待开奖,0.0,0.0
新疆时时彩,20180424006,210e2018042400636lf2edb,前中后-前三-豹子,23101,豹子,7.0,,等待开奖,0.0,0.0
新疆时时彩,20180424006,210e2018042400636lf2eda,1-5球-第三球-4,22304,4,7.0,,等待开奖,0.0,0.0
新疆时时彩,20180424006,210e2018042400636lf2ed7,1-5球-第一球-6,22106,6,7.0,,等待开奖,0.0,0.0
新疆时时彩,20180424006,210e2018042400636lf2ed6,1-5球-第一球-9,22109,9,7.0,,等待开奖,0.0,0.0
新疆时时彩,20180424006,210e2018042400636lf2ed3,两面-第二球-大,21201,大,7.0,,等待开奖,0.0,0.0
新疆时时彩,20180424006,210e2018042400636le2ed1,两面-第三球-双,21304,双,7.0,,等待开奖,0.0,0.0
新疆时时彩,20180424006,210e2018042400636le2ed0,两面-第一球-大,21101,大,7.0,,等待开奖,0.0,0.0
新疆时时彩,20180424006,210e2018042400636le2ect,两面-第四球-小,21402,小,7.0,,等待开奖,0.0,0.0
新疆时时彩,20180424006,210e2018042400636le2ecr,两面-第四球-大,21401,大,7.0,,系统撤单,0.0,0.0
天津时时彩,20180424012,210c2018042401236l92ecp,前中后-前三-对子,23103,对子,4.0,,等待开奖,0.0,0.0
天津时时彩,20180424012,210c2018042401236l92ecn,前中后-后三-杂六,23305,杂六,4.0,,等待开奖,0.0,0.0
天津时时彩,20180424012,210c2018042401236l82ecl,前中后-前三-半顺,23104,半顺,4.0,,等待开奖,0.0,0.0
天津时时彩,20180424012,210c2018042401236l82eck,前中后-后三-豹子,23301,豹子,4.0,,等待开奖,0.0,0.0
天津时时彩,20180424012,210c2018042401236l82ech,前中后-中三-半顺,23204,半顺,4.0,,等待开奖,0.0,0.0
天津时时彩,20180424012,210c2018042401236l82ecg,前中后-前三-豹子,23101,豹子,4.0,,等待开奖,0.0,0.0
天津时时彩,20180424012,210c2018042401236l82ecd,1-5球-第三球-0,22310,0,4.0,,等待开奖,0.0,0.0
天津时时彩,20180424012,210c2018042401236l72ecb,1-5球-第四球-1,22401,1,4.0,,等待开奖,0.0,0.0
天津时时彩,20180424012,210c2018042401236l72eca,1-5球-第四球-5,22405,5,4.0,,等待开奖,0.0,0.0
天津时时彩,20180424012,210c2018042401236l72ec7,1-5球-第一球-7,22107,7,4.0,,等待开奖,0.0,0.0
天津时时彩,20180424012,210c2018042401236l72ec6,1-5球-第四球-8,22408,8,4.0,,等待开奖,0.0,0.0
天津时时彩,20180424012,210c2018042401236l72ec4,1-5球-第五球-6,22506,6,4.0,,等待开奖,0.0,0.0
天津时时彩,20180424012,210c2018042401236l72ec1,1-5球-第五球-9,22509,9,4.0,,等待开奖,0.0,0.0
天津时时彩,20180424012,210c2018042401236l62ec0,1-5球-第四球-4,22404,4,4.0,,等待开奖,0.0,0.0
天津时时彩,20180424012,210c2018042401236l62ebt,1-5球-第五球-7,22507,7,4.0,,等待开奖,0.0,0.0
天津时时彩,20180424012,210c2018042401236l62ebr,两面-第一球-小,21102,小,4.0,,等待开奖,0.0,0.0
天津时时彩,20180424012,210c2018042401236l62ebq,两面-总和＆龙虎-总和大,21601,大,4.0,,等待开奖,0.0,0.0
天津时时彩,20180424012,210c2018042401236l62ebn,两面-总和＆龙虎-总和单,21603,单,4.0,,等待开奖,0.0,0.0
天津时时彩,20180424012,210c2018042401236l52ebm,两面-第二球-单,21203,单,4.0,,等待开奖,0.0,0.0
天津时时彩,20180424012,210c2018042401236l52ebj,两面-第一球-双,21104,双,4.0,,系统撤单,0.0,0.0
重庆时时彩,20180424030,21022018042403036l12ebh,前中后-前三-顺子,23102,顺子,5.0,,等待开奖,0.0,0.0
重庆时时彩,20180424030,21022018042403036l02ebf,前中后-后三-杂六,23305,杂六,5.0,,等待开奖,0.0,0.0
重庆时时彩,20180424030,21022018042403036l02ebd,前中后-前三-对子,23103,对子,5.0,,等待开奖,0.0,0.0
重庆时时彩,20180424030,21022018042403036l02ebc,前中后-中三-杂六,23205,杂六,5.0,,等待开奖,0.0,0.0
重庆时时彩,20180424030,21022018042403036l02eb9,前中后-前三-杂六,23105,杂六,5.0,,等待开奖,0.0,0.0
重庆时时彩,20180424030,21022018042403036l02eb7,1-5球-第四球-9,22409,9,5.0,,等待开奖,0.0,0.0
重庆时时彩,20180424030,21022018042403036kv2eb6,1-5球-第五球-4,22504,4,5.0,,等待开奖,0.0,0.0
重庆时时彩,20180424030,21022018042403036kv2eb3,1-5球-第五球-6,22506,6,5.0,,等待开奖,0.0,0.0
重庆时时彩,20180424030,21022018042403036kv2eb1,1-5球-第五球-7,22507,7,5.0,,等待开奖,0.0,0.0
重庆时时彩,20180424030,21022018042403036kv2eb0,1-5球-第四球-6,22406,6,5.0,,等待开奖,0.0,0.0
重庆时时彩,20180424030,21022018042403036kv2eat,1-5球-第四球-0,22410,0,5.0,,等待开奖,0.0,0.0
重庆时时彩,20180424030,21022018042403036ku2eas,1-5球-第四球-8,22408,8,5.0,,等待开奖,0.0,0.0
重庆时时彩,20180424030,21022018042403036ku2eap,1-5球-第四球-2,22402,2,5.0,,等待开奖,0.0,0.0
重庆时时彩,20180424030,21022018042403036ku2ean,1-5球-第四球-5,22405,5,5.0,,等待开奖,0.0,0.0
重庆时时彩,20180424030,21022018042403036ku2eam,1-5球-第三球-8,22308,8,5.0,,等待开奖,0.0,0.0
重庆时时彩,20180424030,21022018042403036ku2eaj,两面-第一球-小,21102,小,5.0,,等待开奖,0.0,0.0
重庆时时彩,20180424030,21022018042403036ku2eai,两面-第二球-单,21203,单,5.0,,等待开奖,0.0,0.0
重庆时时彩,20180424030,21022018042403036kt2eaf,两面-第五球-大,21501,大,5.0,,等待开奖,0.0,0.0
重庆时时彩,20180424030,21022018042403036kt2ead,两面-总和＆龙虎-虎,21606,虎,5.0,,等待开奖,0.0,0.0
重庆时时彩,20180424030,21022018042403036kt2eac,两面-第四球-双,21404,双,5.0,,系统撤单,0.0,0.0
